scenario,tick,sim_time_s,frame,speed_kmh,x,y,z
保守慢行,0,0.0,1211565,18.8,-60.61,23.89,0.0
保守慢行,5,0.25,1211570,19.02,-59.34,23.58,0.0
保守慢行,10,0.5,1211575,18.92,-58.08,23.18,0.0
保守慢行,15,0.75,1211580,18.9,-56.87,22.7,0.0
保守慢行,20,1.0,1211585,19.0,-55.68,22.12,0.0
保守慢行,25,1.25,1211590,18.83,-54.54,21.47,0.0
保守慢行,30,1.5,1211595,19.07,-53.45,20.74,0.0
保守慢行,35,1.75,1211600,18.81,-52.39,19.96,0.0
保守慢行,40,2.0,1211605,18.99,-51.38,19.13,0.0
保守慢行,45,2.25,1211610,18.94,-50.42,18.22,0.0
保守慢行,50,2.5,1211615,18.98,-49.54,17.25,0.0
保守慢行,55,2.75,1211620,18.96,-48.73,16.21,0.0
保守慢行,60,3.0,1211625,18.89,-47.99,15.13,0.0
保守慢行,65,3.25,1211630,18.93,-47.31,14.0,0.0
保守慢行,70,3.5,1211635,18.93,-46.74,12.82,0.0
保守慢行,75,3.75,1211640,18.96,-46.31,11.59,0.0
保守慢行,80,4.0,1211645,18.93,-45.96,10.31,0.0
保守慢行,85,4.25,1211650,18.92,-45.73,9.03,0.0
保守慢行,90,4.5,1211655,19.01,-45.57,7.72,0.0
保守慢行,95,4.75,1211660,18.9,-45.48,6.41,0.0
保守慢行,100,5.0,1211665,19.0,-45.42,5.09,0.0
保守慢行,105,5.25,1211670,18.91,-45.39,3.78,0.0
保守慢行,110,5.5,1211675,18.99,-45.37,2.46,0.0
保守慢行,115,5.75,1211680,18.91,-45.35,1.15,0.0
保守慢行,120,6.0,1211685,18.99,-45.34,-0.17,0.0
保守慢行,125,6.25,1211690,18.91,-45.33,-1.49,0.0
保守慢行,130,6.5,1211695,18.99,-45.33,-2.8,0.0
保守慢行,135,6.75,1211700,18.91,-45.33,-4.12,0.0
保守慢行,140,7.0,1211705,18.99,-45.33,-5.44,0.0
保守慢行,145,7.25,1211710,18.91,-45.33,-6.75,0.0
保守慢行,150,7.5,1211715,18.99,-45.34,-8.07,0.0
保守慢行,155,7.75,1211720,18.91,-45.34,-9.38,0.0
保守慢行,160,8.0,1211725,18.99,-45.34,-10.7,0.0
保守慢行,165,8.25,1211730,18.91,-45.34,-12.02,0.0
保守慢行,170,8.5,1211735,18.99,-45.34,-13.33,0.0
保守慢行,175,8.75,1211740,18.91,-45.34,-14.65,0.0
保守慢行,180,9.0,1211745,18.99,-45.33,-15.96,0.0
保守慢行,185,9.25,1211750,18.91,-45.33,-17.28,0.0
保守慢行,190,9.5,1211755,18.99,-45.32,-18.6,0.0
保守慢行,195,9.75,1211760,18.91,-45.31,-19.91,0.0
保守慢行,200,10.0,1211765,18.99,-45.3,-21.23,0.0
保守慢行,205,10.25,1211770,18.91,-45.3,-22.54,0.0
保守慢行,210,10.5,1211775,18.99,-45.29,-23.86,0.0
保守慢行,215,10.75,1211780,18.88,-45.28,-25.18,0.0
保守慢行,220,11.0,1211785,18.54,-45.27,-26.48,0.0
保守慢行,225,11.25,1211790,18.18,-45.26,-27.75,0.0
保守慢行,230,11.5,1211795,18.53,-45.25,-29.01,0.0
保守慢行,235,11.75,1211800,18.16,-45.24,-30.24,0.0
保守慢行,240,12.0,1211805,17.4,-45.23,-31.48,0.0
保守慢行,245,12.25,1211810,17.29,-45.22,-32.68,0.0
保守慢行,250,12.5,1211815,16.94,-45.21,-33.87,0.0
保守慢行,255,12.75,1211820,16.69,-45.21,-35.03,0.0
保守慢行,260,13.0,1211825,16.43,-45.2,-36.18,0.0
保守慢行,265,13.25,1211830,16.16,-45.19,-37.32,0.0
保守慢行,270,13.5,1211835,14.7,-45.18,-38.41,0.0
保守慢行,275,13.75,1211840,10.58,-45.17,-39.28,0.0
保守慢行,280,14.0,1211845,1.41,-45.17,-39.82,0.0
保守慢行,285,14.25,1211850,0.0,-45.17,-39.82,0.0
保守慢行,290,14.5,1211855,0.0,-45.17,-39.82,0.0
保守慢行,295,14.75,1211860,0.0,-45.17,-39.82,0.0
保守慢行,300,15.0,1211865,0.0,-45.17,-39.82,0.0
保守慢行,305,15.25,1211870,0.0,-45.17,-39.82,0.0
保守慢行,310,15.5,1211875,0.0,-45.17,-39.82,0.0
保守慢行,315,15.75,1211880,0.0,-45.17,-39.82,0.0
保守慢行,320,16.0,1211885,0.0,-45.17,-39.82,0.0
保守慢行,325,16.25,1211890,0.0,-45.17,-39.82,0.0
保守慢行,330,16.5,1211895,0.0,-45.17,-39.82,0.0
保守慢行,335,16.75,1211900,0.0,-45.17,-39.82,0.0
保守慢行,340,17.0,1211905,0.0,-45.17,-39.82,0.0
保守慢行,345,17.25,1211910,0.0,-45.17,-39.82,0.0
保守慢行,350,17.5,1211915,0.0,-45.17,-39.82,0.0
保守慢行,355,17.75,1211920,0.0,-45.17,-39.82,0.0
保守慢行,360,18.0,1211925,0.0,-45.17,-39.82,0.0
保守慢行,365,18.25,1211930,0.0,-45.17,-39.82,0.0
保守慢行,370,18.5,1211935,0.0,-45.17,-39.82,0.0
保守慢行,375,18.75,1211940,0.0,-45.17,-39.82,0.0
保守慢行,380,19.0,1211945,0.0,-45.17,-39.82,0.0
保守慢行,385,19.25,1211950,0.0,-45.17,-39.82,0.0
保守慢行,390,19.5,1211955,0.0,-45.17,-39.82,0.0
保守慢行,395,19.75,1211960,0.0,-45.17,-39.82,0.0
保守慢行,400,20.0,1211965,0.0,-45.17,-39.82,0.0
保守慢行,405,20.25,1211970,0.0,-45.17,-39.82,0.0
保守慢行,410,20.5,1211975,0.0,-45.17,-39.82,0.0
保守慢行,415,20.75,1211980,0.0,-45.17,-39.82,0.0
保守慢行,420,21.0,1211985,0.0,-45.17,-39.82,0.0
保守慢行,425,21.25,1211990,0.0,-45.17,-39.82,0.0
保守慢行,430,21.5,1211995,0.0,-45.17,-39.82,0.0
保守慢行,435,21.75,1212000,0.0,-45.17,-39.82,0.0
保守慢行,440,22.0,1212005,0.0,-45.17,-39.82,0.0
保守慢行,445,22.25,1212010,0.0,-45.17,-39.82,0.0
保守慢行,450,22.5,1212015,0.0,-45.17,-39.82,0.0
保守慢行,455,22.75,1212020,0.0,-45.17,-39.82,0.0
保守慢行,460,23.0,1212025,0.0,-45.17,-39.82,0.0
保守慢行,465,23.25,1212030,0.0,-45.17,-39.82,0.0
保守慢行,470,23.5,1212035,0.0,-45.17,-39.82,0.0
保守慢行,475,23.75,1212040,0.0,-45.17,-39.82,0.0
保守慢行,480,24.0,1212045,0.0,-45.17,-39.82,0.0
保守慢行,485,24.25,1212050,0.0,-45.17,-39.82,0.0
保守慢行,490,24.5,1212055,0.0,-45.17,-39.82,0.0
保守慢行,495,24.75,1212060,0.0,-45.17,-39.82,0.0
保守慢行,500,25.0,1212065,0.0,-45.17,-39.82,0.0
保守慢行,505,25.25,1212070,0.0,-45.17,-39.82,0.0
保守慢行,510,25.5,1212075,0.0,-45.17,-39.82,0.0
保守慢行,515,25.75,1212080,0.0,-45.17,-39.82,0.0
保守慢行,520,26.0,1212085,0.0,-45.17,-39.82,0.0
保守慢行,525,26.25,1212090,0.0,-45.17,-39.82,0.0
保守慢行,530,26.5,1212095,0.0,-45.17,-39.82,0.0
保守慢行,535,26.75,1212100,0.0,-45.17,-39.82,0.0
保守慢行,540,27.0,1212105,0.0,-45.17,-39.82,0.0
保守慢行,545,27.25,1212110,0.0,-45.17,-39.82,0.0
保守慢行,550,27.5,1212115,0.0,-45.17,-39.82,0.0
保守慢行,555,27.75,1212120,0.0,-45.17,-39.82,0.0
保守慢行,560,28.0,1212125,0.0,-45.17,-39.82,0.0
保守慢行,565,28.25,1212130,0.0,-45.17,-39.82,0.0
保守慢行,570,28.5,1212135,0.0,-45.17,-39.82,0.0
保守慢行,575,28.75,1212140,0.0,-45.17,-39.82,0.0
保守慢行,580,29.0,1212145,0.0,-45.17,-39.82,0.0
保守慢行,585,29.25,1212150,0.0,-45.17,-39.82,0.0
保守慢行,590,29.5,1212155,0.0,-45.17,-39.82,0.0
保守慢行,595,29.75,1212160,0.0,-45.17,-39.82,0.0
普通通勤,0,0.0,1212203,24.16,-60.41,23.84,0.0
普通通勤,5,0.25,1212208,28.54,-58.64,23.38,0.0
普通通勤,10,0.5,1212213,30.94,-56.66,22.66,0.0
普通通勤,15,0.75,1212218,28.35,-54.82,21.74,0.0
普通通勤,20,1.0,1212223,28.17,-53.22,20.67,0.0
普通通勤,25,1.25,1212228,30.63,-51.61,19.39,0.0
普通通勤,30,1.5,1212233,28.54,-50.1,17.98,0.0
普通通勤,35,1.75,1212238,28.08,-48.85,16.51,0.0
普通通勤,40,2.0,1212243,30.54,-47.7,14.81,0.0
普通通勤,45,2.25,1212248,28.57,-46.72,13.0,0.0
普通通勤,50,2.5,1212253,27.88,-46.08,11.18,0.0
普通通勤,55,2.75,1212258,30.67,-45.66,9.18,0.0
普通通勤,60,3.0,1212263,28.84,-45.44,7.12,0.0
普通通勤,65,3.25,1212268,28.06,-45.38,5.17,0.0
普通通勤,70,3.5,1212273,30.36,-45.35,3.13,0.0
普通通勤,75,3.75,1212278,28.98,-45.34,1.06,0.0
普通通勤,80,4.0,1212283,27.95,-45.33,-0.9,0.0
普通通勤,85,4.25,1212288,30.42,-45.33,-2.93,0.0
普通通勤,90,4.5,1212293,28.98,-45.33,-5.01,0.0
普通通勤,95,4.75,1212298,27.98,-45.33,-6.96,0.0
普通通勤,100,5.0,1212303,30.29,-45.34,-8.99,0.0
普通通勤,105,5.25,1212308,29.12,-45.34,-11.07,0.0
普通通勤,110,5.5,1212313,27.86,-45.34,-13.03,0.0
普通通勤,115,5.75,1212318,29.76,-45.34,-15.04,0.0
普通通勤,120,6.0,1212323,28.07,-45.33,-17.06,0.0
普通通勤,125,6.25,1212328,26.6,-45.32,-18.94,0.0
普通通勤,130,6.5,1212333,26.22,-45.31,-20.78,0.0
普通通勤,135,6.75,1212338,25.14,-45.3,-22.56,0.0
普通通勤,140,7.0,1212343,24.17,-45.28,-24.27,0.0
普通通勤,145,7.25,1212348,23.56,-45.27,-25.93,0.0
普通通勤,150,7.5,1212353,22.56,-45.26,-27.53,0.0
普通通勤,155,7.75,1212358,21.91,-45.25,-29.07,0.0
普通通勤,160,8.0,1212363,21.1,-45.24,-30.56,0.0
普通通勤,165,8.25,1212368,20.42,-45.23,-32.0,0.0
普通通勤,170,8.5,1212373,19.67,-45.22,-33.39,0.0
普通通勤,175,8.75,1212378,19.06,-45.21,-34.73,0.0
普通通勤,180,9.0,1212383,18.32,-45.2,-36.03,0.0
普通通勤,185,9.25,1212388,18.12,-45.19,-37.3,0.0
普通通勤,190,9.5,1212393,0.62,-45.18,-38.08,0.0
普通通勤,195,9.75,1212398,0.0,-45.18,-38.08,0.0
普通通勤,200,10.0,1212403,0.0,-45.18,-38.08,0.0
普通通勤,205,10.25,1212408,0.0,-45.18,-38.08,0.0
普通通勤,210,10.5,1212413,0.0,-45.18,-38.08,0.0
普通通勤,215,10.75,1212418,0.0,-45.18,-38.08,0.0
普通通勤,220,11.0,1212423,0.0,-45.18,-38.08,0.0
普通通勤,225,11.25,1212428,0.0,-45.18,-38.08,0.0
普通通勤,230,11.5,1212433,0.0,-45.18,-38.08,0.0
普通通勤,235,11.75,1212438,0.0,-45.18,-38.08,0.0
普通通勤,240,12.0,1212443,0.0,-45.18,-38.08,0.0
普通通勤,245,12.25,1212448,0.0,-45.18,-38.08,0.0
普通通勤,250,12.5,1212453,0.0,-45.18,-38.08,0.0
普通通勤,255,12.75,1212458,0.0,-45.18,-38.08,0.0
普通通勤,260,13.0,1212463,0.0,-45.18,-38.08,0.0
普通通勤,265,13.25,1212468,0.0,-45.18,-38.08,0.0
普通通勤,270,13.5,1212473,0.0,-45.18,-38.08,0.0
普通通勤,275,13.75,1212478,0.0,-45.18,-38.08,0.0
普通通勤,280,14.0,1212483,0.0,-45.18,-38.08,0.0
普通通勤,285,14.25,1212488,0.0,-45.18,-38.08,0.0
普通通勤,290,14.5,1212493,0.0,-45.18,-38.08,0.0
普通通勤,295,14.75,1212498,0.0,-45.18,-38.08,0.0
普通通勤,300,15.0,1212503,0.0,-45.18,-38.08,0.0
普通通勤,305,15.25,1212508,0.0,-45.18,-38.08,0.0
普通通勤,310,15.5,1212513,0.0,-45.18,-38.08,0.0
普通通勤,315,15.75,1212518,0.0,-45.18,-38.08,0.0
普通通勤,320,16.0,1212523,0.0,-45.18,-38.08,0.0
普通通勤,325,16.25,1212528,0.0,-45.18,-38.08,0.0
普通通勤,330,16.5,1212533,0.0,-45.18,-38.08,0.0
普通通勤,335,16.75,1212538,0.0,-45.18,-38.08,0.0
普通通勤,340,17.0,1212543,0.0,-45.18,-38.08,0.0
普通通勤,345,17.25,1212548,0.0,-45.18,-38.08,0.0
普通通勤,350,17.5,1212553,0.0,-45.18,-38.08,0.0
普通通勤,355,17.75,1212558,0.0,-45.18,-38.08,0.0
普通通勤,360,18.0,1212563,0.0,-45.18,-38.08,0.0
普通通勤,365,18.25,1212568,0.0,-45.18,-38.08,0.0
普通通勤,370,18.5,1212573,0.0,-45.18,-38.08,0.0
普通通勤,375,18.75,1212578,0.0,-45.18,-38.08,0.0
普通通勤,380,19.0,1212583,0.0,-45.18,-38.08,0.0
普通通勤,385,19.25,1212588,0.0,-45.18,-38.08,0.0
普通通勤,390,19.5,1212593,0.0,-45.18,-38.08,0.0
普通通勤,395,19.75,1212598,0.0,-45.18,-38.08,0.0
普通通勤,400,20.0,1212603,0.0,-45.18,-38.08,0.0
普通通勤,405,20.25,1212608,0.0,-45.18,-38.08,0.0
普通通勤,410,20.5,1212613,0.0,-45.18,-38.08,0.0
普通通勤,415,20.75,1212618,0.0,-45.18,-38.08,0.0
普通通勤,420,21.0,1212623,0.0,-45.18,-38.08,0.0
普通通勤,425,21.25,1212628,0.0,-45.18,-38.08,0.0
普通通勤,430,21.5,1212633,0.0,-45.18,-38.08,0.0
普通通勤,435,21.75,1212638,0.0,-45.18,-38.08,0.0
普通通勤,440,22.0,1212643,0.0,-45.18,-38.08,0.0
普通通勤,445,22.25,1212648,0.0,-45.18,-38.08,0.0
普通通勤,450,22.5,1212653,0.0,-45.18,-38.08,0.0
普通通勤,455,22.75,1212658,0.0,-45.18,-38.08,0.0
普通通勤,460,23.0,1212663,0.0,-45.18,-38.08,0.0
普通通勤,465,23.25,1212668,0.0,-45.18,-38.08,0.0
普通通勤,470,23.5,1212673,0.0,-45.18,-38.08,0.0
普通通勤,475,23.75,1212678,0.0,-45.18,-38.08,0.0
普通通勤,480,24.0,1212683,0.0,-45.18,-38.08,0.0
普通通勤,485,24.25,1212688,0.0,-45.18,-38.08,0.0
普通通勤,490,24.5,1212693,0.0,-45.18,-38.08,0.0
普通通勤,495,24.75,1212698,0.0,-45.18,-38.08,0.0
普通通勤,500,25.0,1212703,0.0,-45.18,-38.08,0.0
普通通勤,505,25.25,1212708,0.0,-45.18,-38.08,0.0
普通通勤,510,25.5,1212713,0.0,-45.18,-38.08,0.0
普通通勤,515,25.75,1212718,0.0,-45.18,-38.08,0.0
普通通勤,520,26.0,1212723,0.0,-45.18,-38.08,0.0
普通通勤,525,26.25,1212728,0.0,-45.18,-38.08,0.0
普通通勤,530,26.5,1212733,0.0,-45.18,-38.08,0.0
普通通勤,535,26.75,1212738,0.0,-45.18,-38.08,0.0
普通通勤,540,27.0,1212743,0.0,-45.18,-38.08,0.0
普通通勤,545,27.25,1212748,0.0,-45.18,-38.08,0.0
普通通勤,550,27.5,1212753,0.0,-45.18,-38.08,0.0
普通通勤,555,27.75,1212758,0.0,-45.18,-38.08,0.0
普通通勤,560,28.0,1212763,0.0,-45.18,-38.08,0.0
普通通勤,565,28.25,1212768,0.0,-45.18,-38.08,0.0
普通通勤,570,28.5,1212773,0.0,-45.18,-38.08,0.0
普通通勤,575,28.75,1212778,0.0,-45.18,-38.08,0.0
普通通勤,580,29.0,1212783,0.0,-45.18,-38.08,0.0
普通通勤,585,29.25,1212788,0.0,-45.18,-38.08,0.0
普通通勤,590,29.5,1212793,0.0,-45.18,-38.08,0.0
普通通勤,595,29.75,1212798,0.0,-45.18,-38.08,0.0
赶时间,0,0.0,1212841,22.9,-60.72,23.91,0.0
赶时间,5,0.25,1212846,27.66,-59.01,23.49,0.0
赶时间,10,0.5,1212851,32.31,-57.03,22.82,0.0
赶时间,15,0.75,1212856,36.68,-54.86,21.78,0.0
赶时间,20,1.0,1212861,34.97,-52.77,20.4,0.0
赶时间,25,1.25,1212866,33.3,-50.97,18.9,0.0
赶时间,30,1.5,1212871,35.69,-49.32,17.16,0.0
赶时间,35,1.75,1212876,35.06,-47.85,15.17,0.0
赶时间,40,2.0,1212881,33.44,-46.71,13.11,0.0
赶时间,45,2.25,1212886,35.55,-45.92,10.87,0.0
赶时间,50,2.5,1212891,35.17,-45.49,8.43,0.0
赶时间,55,2.75,1212896,33.62,-45.34,6.06,0.0
赶时间,60,3.0,1212901,35.5,-45.32,3.67,0.0
赶时间,65,3.25,1212906,35.14,-45.32,1.19,0.0
赶时间,70,3.5,1212911,33.7,-45.32,-1.18,0.0
赶时间,75,3.75,1212916,35.47,-45.32,-3.58,0.0
赶时间,80,4.0,1212921,35.03,-45.33,-6.04,0.0
赶时间,85,4.25,1212926,33.88,-45.33,-8.42,0.0
赶时间,90,4.5,1212931,34.99,-45.34,-10.82,0.0
赶时间,95,4.75,1212936,32.86,-45.34,-13.19,0.0
赶时间,100,5.0,1212941,30.26,-45.34,-15.36,0.0
赶时间,105,5.25,1212946,30.33,-45.33,-17.46,0.0
赶时间,110,5.5,1212951,29.11,-45.32,-19.54,0.0
赶时间,115,5.75,1212956,26.92,-45.3,-21.47,0.0
赶时间,120,6.0,1212961,26.66,-45.29,-23.32,0.0
赶时间,125,6.25,1212966,25.94,-45.28,-25.16,0.0
赶时间,130,6.5,1212971,23.71,-45.27,-26.88,0.0
赶时间,135,6.75,1212976,23.61,-45.25,-28.51,0.0
赶时间,140,7.0,1212981,23.06,-45.24,-30.15,0.0
赶时间,145,7.25,1212986,21.03,-45.23,-31.67,0.0
赶时间,150,7.5,1212991,20.7,-45.22,-33.11,0.0
赶时间,155,7.75,1212996,20.77,-45.21,-34.57,0.0
赶时间,160,8.0,1213001,18.56,-45.2,-35.93,0.0
赶时间,165,8.25,1213006,18.41,-45.19,-37.2,0.0
赶时间,170,8.5,1213011,17.97,-45.18,-38.48,0.0
赶时间,175,8.75,1213016,14.71,-45.17,-39.63,0.0
赶时间,180,9.0,1213021,10.56,-45.17,-40.5,0.0
赶时间,185,9.25,1213026,2.72,-45.16,-41.05,0.0
赶时间,190,9.5,1213031,0.0,-45.16,-41.06,0.0
赶时间,195,9.75,1213036,0.0,-45.16,-41.06,0.0
赶时间,200,10.0,1213041,0.0,-45.16,-41.06,0.0
赶时间,205,10.25,1213046,0.0,-45.16,-41.06,0.0
赶时间,210,10.5,1213051,0.0,-45.16,-41.06,0.0
赶时间,215,10.75,1213056,0.0,-45.16,-41.06,0.0
赶时间,220,11.0,1213061,0.0,-45.16,-41.06,0.0
赶时间,225,11.25,1213066,0.0,-45.16,-41.06,0.0
赶时间,230,11.5,1213071,0.0,-45.16,-41.06,0.0
赶时间,235,11.75,1213076,0.0,-45.16,-41.06,0.0
赶时间,240,12.0,1213081,0.0,-45.16,-41.06,0.0
赶时间,245,12.25,1213086,0.02,-45.16,-41.06,0.0
赶时间,250,12.5,1213091,4.2,-45.16,-41.2,0.0
赶时间,255,12.75,1213096,9.46,-45.16,-41.68,0.0
赶时间,260,13.0,1213101,14.89,-45.15,-42.54,0.0
赶时间,265,13.25,1213106,16.75,-45.15,-43.69,0.0
赶时间,270,13.5,1213111,17.82,-45.14,-44.85,0.0
赶时间,275,13.75,1213116,20.18,-45.14,-46.19,0.0
赶时间,280,14.0,1213121,24.66,-45.2,-47.74,0.0
赶时间,285,14.25,1213126,29.48,-45.3,-49.63,0.0
赶时间,290,14.5,1213131,34.35,-45.43,-51.85,0.0
赶时间,295,14.75,1213136,36.58,-45.77,-54.33,0.0
赶时间,300,15.0,1213141,33.69,-46.37,-56.69,0.0
赶时间,305,15.25,1213146,33.93,-47.24,-58.84,0.0
赶时间,310,15.5,1213151,36.12,-48.41,-61.0,0.0
赶时间,315,15.75,1213156,33.94,-49.85,-62.97,0.0
赶时间,320,16.0,1213161,34.12,-51.47,-64.64,0.0
赶时间,325,16.25,1213166,35.98,-53.41,-66.14,0.0
赶时间,330,16.5,1213171,33.7,-55.52,-67.33,0.0
赶时间,335,16.75,1213176,34.23,-57.72,-68.07,0.0
赶时间,340,17.0,1213181,36.05,-60.16,-68.44,0.0
赶时间,345,17.25,1213186,33.99,-62.59,-68.57,0.0
赶时间,350,17.5,1213191,34.36,-64.93,-68.61,0.0
赶时间,355,17.75,1213196,35.86,-67.39,-68.63,0.0
赶时间,360,18.0,1213201,33.99,-69.82,-68.61,0.0
赶时间,365,18.25,1213206,34.45,-72.17,-68.47,0.0
赶时间,370,18.5,1213211,35.75,-74.62,-68.27,0.0
赶时间,375,18.75,1213216,33.97,-77.02,-67.97,0.0
赶时间,380,19.0,1213221,34.6,-79.34,-67.53,0.0
赶时间,385,19.25,1213226,35.6,-81.72,-66.93,0.0
赶时间,390,19.5,1213231,34.12,-84.02,-66.18,0.0
赶时间,395,19.75,1213236,34.59,-86.22,-65.31,0.0
赶时间,400,20.0,1213241,35.46,-88.45,-64.29,0.0
赶时间,405,20.25,1213246,34.11,-90.58,-63.15,0.0
赶时间,410,20.5,1213251,34.68,-92.61,-61.92,0.0
赶时间,415,20.75,1213256,35.33,-94.61,-60.51,0.0
赶时间,420,21.0,1213261,34.27,-96.5,-59.01,0.0
赶时间,425,21.25,1213266,34.67,-98.27,-57.42,0.0
赶时间,430,21.5,1213271,35.24,-99.99,-55.69,0.0
赶时间,435,21.75,1213276,34.27,-101.6,-53.89,0.0
赶时间,440,22.0,1213281,34.75,-103.1,-52.03,0.0
赶时间,445,22.25,1213286,35.09,-104.52,-50.06,0.0
赶时间,450,22.5,1213291,34.43,-105.82,-48.03,0.0
赶时间,455,22.75,1213296,34.74,-107.02,-45.96,0.0
赶时间,460,23.0,1213301,35.06,-108.14,-43.8,0.0
赶时间,465,23.25,1213306,34.4,-109.15,-41.61,0.0
赶时间,470,23.5,1213311,34.78,-110.04,-39.38,0.0
赶时间,475,23.75,1213316,34.96,-110.83,-37.09,0.0
赶时间,480,24.0,1213321,34.49,-111.51,-34.78,0.0
赶时间,485,24.25,1213326,34.25,-112.08,-32.45,0.0
赶时间,490,24.5,1213331,32.25,-112.53,-30.19,0.0
赶时间,495,24.75,1213336,30.57,-112.85,-28.04,0.0
赶时间,500,25.0,1213341,30.32,-113.07,-25.94,0.0
赶时间,505,25.25,1213346,28.58,-113.2,-23.89,0.0
赶时间,510,25.5,1213351,27.09,-113.31,-21.97,0.0
赶时间,515,25.75,1213356,26.81,-113.38,-20.1,0.0
赶时间,520,26.0,1213361,25.41,-113.44,-18.29,0.0
赶时间,525,26.25,1213366,23.79,-113.49,-16.59,0.0
赶时间,530,26.5,1213371,23.95,-113.52,-14.93,0.0
赶时间,535,26.75,1213376,22.46,-113.55,-13.31,0.0
赶时间,540,27.0,1213381,20.94,-113.58,-11.82,0.0
赶时间,545,27.25,1213386,21.28,-113.6,-10.36,0.0
赶时间,550,27.5,1213391,8.78,-113.62,-9.13,0.0
赶时间,555,27.75,1213396,0.0,-113.62,-9.03,0.0
赶时间,560,28.0,1213401,0.0,-113.62,-9.03,0.0
赶时间,565,28.25,1213406,0.0,-113.62,-9.03,0.0
赶时间,570,28.5,1213411,0.0,-113.62,-9.03,0.0
赶时间,575,28.75,1213416,0.0,-113.62,-9.03,0.0
赶时间,580,29.0,1213421,0.0,-113.62,-9.03,0.0
赶时间,585,29.25,1213426,0.0,-113.62,-9.03,0.0
赶时间,590,29.5,1213431,0.0,-113.62,-9.03,0.0
赶时间,595,29.75,1213436,0.0,-113.62,-9.03,0.0
路口冒险,0,0.0,1213479,22.9,-60.72,23.91,0.0
路口冒险,5,0.25,1213484,27.66,-59.01,23.49,0.0
路口冒险,10,0.5,1213489,32.31,-57.03,22.82,0.0
路口冒险,15,0.75,1213494,33.36,-54.93,21.82,0.0
路口冒险,20,1.0,1213499,30.66,-53.08,20.62,0.0
路口冒险,25,1.25,1213504,31.89,-51.41,19.27,0.0
路口冒险,30,1.5,1213509,32.97,-49.79,17.67,0.0
路口冒险,35,1.75,1213514,30.83,-48.42,15.94,0.0
路口冒险,40,2.0,1213519,31.91,-47.27,14.12,0.0
路口冒险,45,2.25,1213524,32.78,-46.33,12.05,0.0
路口冒险,50,2.5,1213529,30.82,-45.75,9.94,0.0
路口冒险,55,2.75,1213534,32.27,-45.46,7.79,0.0
路口冒险,60,3.0,1213539,32.66,-45.36,5.51,0.0
路口冒险,65,3.25,1213544,30.83,-45.34,3.32,0.0
路口冒险,70,3.5,1213549,32.25,-45.33,1.15,0.0
路口冒险,75,3.75,1213554,32.7,-45.33,-1.14,0.0
路口冒险,80,4.0,1213559,30.75,-45.32,-3.33,0.0
路口冒险,85,4.25,1213564,32.35,-45.33,-5.5,0.0
路口冒险,90,4.5,1213569,32.63,-45.33,-7.79,0.0
路口冒险,95,4.75,1213574,30.8,-45.34,-9.98,0.0
路口冒险,100,5.0,1213579,32.31,-45.34,-12.15,0.0
路口冒险,105,5.25,1213584,32.0,-45.34,-14.42,0.0
路口冒险,110,5.5,1213589,28.81,-45.33,-16.53,0.0
路口冒险,115,5.75,1213594,27.96,-45.32,-18.48,0.0
路口冒险,120,6.0,1213599,28.24,-45.31,-20.44,0.0
路口冒险,125,6.25,1213604,26.02,-45.3,-22.33,0.0
路口冒险,130,6.5,1213609,24.7,-45.29,-24.07,0.0
路口冒险,135,6.75,1213614,25.28,-45.27,-25.81,0.0
路口冒险,140,7.0,1213619,23.27,-45.26,-27.5,0.0
路口冒险,145,7.25,1213624,21.94,-45.25,-29.06,0.0
路口冒险,150,7.5,1213629,22.59,-45.24,-30.61,0.0
路口冒险,155,7.75,1213634,20.99,-45.23,-32.13,0.0
路口冒险,160,8.0,1213639,19.32,-45.22,-33.51,0.0
路口冒险,165,8.25,1213644,20.36,-45.21,-34.89,0.0
路口冒险,170,8.5,1213649,18.83,-45.2,-36.26,0.0
路口冒险,175,8.75,1213654,18.01,-45.19,-37.52,0.0
路口冒险,180,9.0,1213659,17.65,-45.18,-38.77,0.0
路口冒险,185,9.25,1213664,16.37,-45.17,-39.94,0.0
路口冒险,190,9.5,1213669,16.32,-45.16,-41.09,0.0
路口冒险,195,9.75,1213674,15.22,-45.16,-42.17,0.0
路口冒险,200,10.0,1213679,15.15,-45.15,-43.24,0.0
路口冒险,205,10.25,1213684,14.1,-45.14,-44.23,0.0
路口冒险,210,10.5,1213689,18.1,-45.14,-45.35,0.0
路口冒险,215,10.75,1213694,19.7,-45.15,-46.68,0.0
路口冒险,220,11.0,1213699,22.61,-45.21,-48.15,0.0
路口冒险,225,11.25,1213704,27.0,-45.3,-49.87,0.0
路口冒险,230,11.5,1213709,31.91,-45.43,-51.91,0.0
路口冒险,235,11.75,1213714,33.62,-45.75,-54.21,0.0
路口冒险,240,12.0,1213719,30.92,-46.29,-56.38,0.0
路口冒险,245,12.25,1213724,31.33,-47.04,-58.37,0.0
路口冒险,250,12.5,1213729,33.19,-48.07,-60.39,0.0
路口冒险,255,12.75,1213734,31.06,-49.31,-62.24,0.0
路口冒险,260,13.0,1213739,31.5,-50.72,-63.85,0.0
路口冒险,265,13.25,1213744,33.07,-52.39,-65.38,0.0
路口冒险,270,13.5,1213749,30.96,-54.21,-66.64,0.0
路口冒险,275,13.75,1213754,31.55,-56.14,-67.55,0.0
路口冒险,280,14.0,1213759,33.18,-58.33,-68.16,0.0
路口冒险,285,14.25,1213764,30.98,-60.53,-68.45,0.0
路口冒险,290,14.5,1213769,31.78,-62.68,-68.55,0.0
路口冒险,295,14.75,1213774,32.98,-64.96,-68.6,0.0
路口冒险,300,15.0,1213779,31.03,-67.18,-68.62,0.0
路口冒险,305,15.25,1213784,31.66,-69.33,-68.61,0.0
路口冒险,310,15.5,1213789,33.08,-71.6,-68.48,0.0
路口冒险,315,15.75,1213794,30.97,-73.82,-68.32,0.0
路口冒险,320,16.0,1213799,31.73,-75.96,-68.08,0.0
路口冒险,325,16.25,1213804,33.01,-78.2,-67.72,0.0
路口冒险,330,16.5,1213809,30.98,-80.37,-67.25,0.0
路口冒险,335,16.75,1213814,31.72,-82.45,-66.68,0.0
路口冒险,340,17.0,1213819,33.06,-84.6,-65.95,0.0
路口冒险,345,17.25,1213824,30.93,-86.66,-65.13,0.0
路口冒险,350,17.5,1213829,31.83,-88.61,-64.21,0.0
路口冒险,355,17.75,1213834,32.94,-90.61,-63.13,0.0
路口冒险,360,18.0,1213839,30.94,-92.5,-61.98,0.0
路口冒险,365,18.25,1213844,31.84,-94.27,-60.75,0.0
路口冒险,370,18.5,1213849,33.01,-96.08,-59.35,0.0
路口冒险,375,18.75,1213854,30.81,-97.75,-57.9,0.0
路口冒险,380,19.0,1213859,31.94,-99.3,-56.41,0.0
路口冒险,385,19.25,1213864,32.96,-100.85,-54.74,0.0
路口冒险,390,19.5,1213869,30.91,-102.28,-53.04,0.0
路口冒险,395,19.75,1213874,31.91,-103.58,-51.33,0.0
路口冒险,400,20.0,1213879,32.96,-104.89,-49.46,0.0
路口冒险,405,20.25,1213884,30.83,-106.07,-47.59,0.0
路口冒险,410,20.5,1213889,32.0,-107.14,-45.72,0.0
路口冒险,415,20.75,1213894,32.91,-108.17,-43.68,0.0
路口冒险,420,21.0,1213899,30.89,-109.09,-41.67,0.0
路口冒险,425,21.25,1213904,31.94,-109.91,-39.67,0.0
路口冒险,430,21.5,1213909,32.91,-110.68,-37.53,0.0
路口冒险,435,21.75,1213914,30.85,-111.33,-35.42,0.0
路口冒险,440,22.0,1213919,32.04,-111.86,-33.32,0.0
路口冒险,445,22.25,1213924,32.83,-112.34,-31.09,0.0
路口冒险,450,22.5,1213929,30.17,-112.71,-28.94,0.0
路口冒险,455,22.75,1213934,28.73,-112.97,-26.93,0.0
路口冒险,460,23.0,1213939,29.19,-113.12,-24.92,0.0
路口冒险,465,23.25,1213944,27.08,-113.24,-22.96,0.0
路口冒险,470,23.5,1213949,25.59,-113.33,-21.15,0.0
路口冒险,475,23.75,1213954,25.95,-113.4,-19.36,0.0
路口冒险,480,24.0,1213959,24.36,-113.45,-17.6,0.0
路口冒险,485,24.25,1213964,22.64,-113.49,-15.99,0.0
路口冒险,490,24.5,1213969,23.3,-113.53,-14.39,0.0
路口冒险,495,24.75,1213974,21.78,-113.56,-12.82,0.0
路口冒险,500,25.0,1213979,20.12,-113.58,-11.37,0.0
路口冒险,505,25.25,1213984,20.83,-113.6,-9.96,0.0
路口冒险,510,25.5,1213989,19.74,-113.63,-8.54,0.0
路口冒险,515,25.75,1213994,18.23,-113.64,-7.24,0.0
路口冒险,520,26.0,1213999,17.82,-113.66,-5.99,0.0
路口冒险,525,26.25,1214004,17.47,-113.68,-4.75,0.0
路口冒险,530,26.5,1214009,16.5,-113.69,-3.58,0.0
路口冒险,535,26.75,1214014,16.34,-113.71,-2.43,0.0
路口冒险,540,27.0,1214019,15.17,-113.72,-1.35,0.0
路口冒险,545,27.25,1214024,16.81,-113.73,-0.26,0.0
路口冒险,550,27.5,1214029,19.62,-113.75,1.04,0.0
路口冒险,555,27.75,1214034,23.52,-113.77,2.53,0.0
路口冒险,560,28.0,1214039,28.43,-113.79,4.34,0.0
路口冒险,565,28.25,1214044,33.27,-113.81,6.49,0.0
路口冒险,570,28.5,1214049,32.96,-113.84,8.83,0.0
路口冒险,575,28.75,1214054,30.57,-113.87,11.02,0.0
路口冒险,580,29.0,1214059,32.17,-113.89,13.18,0.0
路口冒险,585,29.25,1214064,33.0,-113.92,15.48,0.0
路口冒险,590,29.5,1214069,30.73,-113.94,17.68,0.0
路口冒险,595,29.75,1214074,32.09,-113.96,19.84,0.0
