frame,sim_time_s,x,y,z,yaw,speed_kmh,speed_limit_kmh,distance_traveled_m,route_progress,route_target_index,traffic_light_state,nearest_obstacle_distance_m
5447819,0.05,-164.732,-95.142,0.001,-179.914,0.025,30.0,0.0,0.0625,5,Green,
5447824,0.3,-164.732,-95.142,0.001,-179.914,0.004,30.0,0.0,0.0625,5,Green,
5447829,0.55,-164.732,-95.142,0.002,-179.914,0.001,30.0,0.0,0.0625,5,Green,
5447834,0.8,-164.878,-95.142,0.001,-179.921,6.354,30.0,0.0,0.0625,5,Green,
5447839,1.05,-165.513,-95.143,0.001,-179.897,11.142,30.0,0.0,0.0625,5,Green,
5447844,1.3,-166.395,-95.144,0.001,-179.899,14.028,30.0,2.0,0.0625,6,Green,
5447849,1.55,-167.452,-95.146,0.001,-179.906,16.232,30.0,2.0,0.0625,6,Green,
5447854,1.8,-168.642,-95.148,0.002,-179.909,17.887,30.0,4.0,0.0625,8,Green,
5447859,2.05,-169.906,-95.15,0.002,-179.912,18.164,30.0,6.0,0.0625,9,Green,
5447864,2.3,-171.182,-95.152,0.002,-179.913,18.475,30.0,6.0,0.0625,9,Red,
5447869,2.55,-172.468,-95.154,0.002,-179.913,18.64,30.0,8.0,0.0625,9,Red,
5447874,2.8,-173.783,-95.156,0.002,-179.914,19.235,30.0,10.0,0.0625,11,Red,
5447879,3.05,-175.134,-95.158,0.002,-179.914,19.646,30.0,10.0,0.0625,11,Red,
5447884,3.3,-176.517,-95.16,0.002,-179.914,20.129,30.0,12.0,0.0625,12,Red,
5447889,3.55,-177.923,-95.162,0.002,-179.914,20.365,30.0,14.0,0.0625,13,Red,
5447894,3.8,-179.349,-95.164,0.003,-179.914,20.668,30.0,14.0,0.0625,13,Red,
5447899,4.05,-180.789,-95.166,0.006,-179.914,20.766,30.0,16.0,0.0625,14,Red,
5447904,4.3,-182.238,-95.169,0.009,-179.915,20.966,30.0,18.0,0.0625,15,Red,
5447909,4.55,-183.695,-95.171,0.014,-179.915,20.983,30.0,18.0,0.0625,15,Red,
5447914,4.8,-185.158,-95.173,0.018,-179.915,21.131,30.0,20.0,0.0625,15,Red,
5447919,5.05,-186.624,-95.175,0.023,-179.915,21.107,30.0,22.0,0.0625,17,Red,
5447924,5.3,-188.095,-95.177,0.027,-179.915,21.225,30.0,24.0,0.0625,18,Red,
5447929,5.55,-189.567,-95.179,0.032,-179.915,21.179,30.0,24.0,0.0625,18,Red,
5447934,5.8,-191.041,-95.182,0.036,-179.914,21.28,30.0,26.0,0.0625,18,Red,
5447939,6.05,-192.517,-95.184,0.04,-179.915,21.225,30.0,28.0,0.0625,20,Red,
5447944,6.3,-193.994,-95.186,0.044,-179.917,21.324,30.0,30.0,0.0625,21,Red,
5447949,6.55,-195.473,-95.188,0.046,-179.921,21.271,30.0,30.0,0.0625,21,Red,
5447954,6.8,-196.953,-95.19,0.047,-179.917,21.371,30.0,32.0,0.0625,21,Red,
5447959,7.05,-198.44,-95.191,0.03,-179.917,21.586,30.0,34.0,0.0625,22,Red,
5447964,7.3,-199.932,-95.194,0.024,-179.903,21.515,30.0,36.0,0.0625,24,Red,
5447969,7.55,-201.433,-95.196,0.006,-179.899,21.522,30.0,36.0,0.0625,24,Red,
5447974,7.8,-202.927,-95.198,-0.0,-179.905,21.528,30.0,38.0,0.0625,25,Red,
5447979,8.05,-204.42,-95.201,0.001,-179.907,21.454,30.0,40.0,0.0625,26,Red,
5447984,8.3,-205.912,-95.203,0.002,-179.908,21.519,30.0,42.0,0.0625,27,Red,
5447989,8.55,-207.403,-95.206,0.002,-179.91,21.43,30.0,42.0,0.0625,27,Green,
5447994,8.8,-208.893,-95.208,0.002,-179.911,21.496,30.0,44.0,0.0625,28,Green,
5447999,9.05,-210.383,-95.21,0.002,-179.911,21.412,30.0,46.0,0.0625,28,Green,
5448004,9.3,-211.873,-95.212,0.002,-179.911,21.483,30.0,48.0,0.125,30,Green,
5448009,9.55,-213.362,-95.215,0.002,-179.911,21.401,30.0,48.0,0.125,30,Green,
5448014,9.8,-214.85,-95.217,0.002,-179.911,21.474,30.0,50.0,0.125,31,Green,
5448019,10.05,-216.339,-95.219,0.002,-179.911,21.395,30.0,52.0,0.125,32,Green,
5448024,10.3,-217.827,-95.221,0.002,-179.911,21.47,30.0,54.0,0.125,33,Green,
5448029,10.55,-219.315,-95.224,0.002,-179.911,21.391,30.0,54.0,0.125,33,Green,
5448034,10.8,-220.803,-95.226,0.002,-179.911,21.467,30.0,56.0,0.125,34,Green,
5448039,11.05,-222.291,-95.228,0.002,-179.911,21.389,30.0,58.0,0.125,34,Green,
5448044,11.3,-223.78,-95.23,0.002,-179.911,21.465,30.0,60.0,0.125,35,Green,
5448049,11.55,-225.267,-95.233,0.002,-179.911,21.388,30.0,60.0,0.125,35,Green,
5448054,11.8,-226.756,-95.234,0.002,-179.937,21.464,30.0,62.0,0.125,36,Green,
5448059,12.05,-228.243,-95.234,0.002,179.984,21.386,30.0,64.0,0.125,37,Green,
5448064,12.3,-229.731,-95.222,0.002,179.604,21.462,30.0,64.0,0.125,37,Green,
5448069,12.55,-231.218,-95.193,0.002,178.925,21.38,30.0,66.0,0.125,38,Green,
5448074,12.8,-232.704,-95.138,0.002,177.943,21.45,30.0,68.0,0.125,39,Green,
5448079,13.05,-234.189,-95.054,0.002,176.93,21.368,30.0,70.0,0.125,40,Green,
5448084,13.3,-235.67,-94.933,0.002,175.557,21.446,30.0,70.0,0.125,40,Green,
5448089,13.55,-237.147,-94.775,0.002,174.069,21.359,30.0,72.151,0.125,41,Green,
5448094,13.8,-238.62,-94.581,0.002,172.634,21.424,30.0,74.452,0.125,42,Green,
5448099,14.05,-240.086,-94.342,0.002,171.057,21.359,30.0,74.452,0.125,42,Green,
5448104,14.3,-241.545,-94.065,0.002,169.394,21.422,30.0,76.752,0.125,43,Green,
5448109,14.55,-242.997,-93.751,0.002,168.018,21.34,30.0,79.053,0.125,44,Green,
5448114,14.8,-244.436,-93.386,0.002,166.12,21.422,30.0,79.053,0.125,44,Green,
5448119,15.05,-245.861,-92.976,0.002,164.144,21.331,30.0,81.354,0.125,45,Green,
5448124,15.3,-247.275,-92.525,0.002,162.571,21.403,30.0,83.654,0.125,46,Green,
5448129,15.55,-248.67,-92.021,0.002,160.503,21.336,30.0,83.654,0.125,46,Green,
5448134,15.8,-250.047,-91.469,0.002,158.389,21.398,30.0,85.955,0.125,47,Green,
5448139,16.05,-251.407,-90.876,0.002,156.723,21.321,30.0,88.256,0.125,48,Green,
5448144,16.3,-252.742,-90.23,0.002,154.549,21.405,30.0,88.256,0.125,48,Green,
5448149,16.55,-254.052,-89.537,0.002,152.35,21.315,30.0,90.556,0.125,49,Green,
5448154,16.8,-255.34,-88.802,0.002,150.613,21.389,30.0,92.857,0.125,50,Green,
5448159,17.05,-256.597,-88.016,0.002,148.359,21.323,30.0,92.857,0.125,50,Green,
5448164,17.3,-257.829,-87.192,0.002,146.394,21.383,30.0,95.157,0.125,51,Green,
5448169,17.55,-259.029,-86.321,0.002,144.387,21.306,30.0,97.458,0.125,52,Green,
5448174,17.8,-260.189,-85.399,0.002,141.948,21.393,30.0,97.458,0.125,52,Green,
5448179,18.05,-261.32,-84.441,0.002,139.89,21.3,30.0,99.759,0.125,53,Green,
5448184,18.3,-262.411,-83.438,0.002,137.808,21.374,30.0,102.062,0.125,54,Green,
5448189,18.55,-263.456,-82.389,0.002,135.321,21.313,30.0,102.062,0.125,54,Green,
5448194,18.8,-264.468,-81.306,0.002,133.223,21.373,30.0,104.379,0.125,55,Green,
5448199,19.05,-265.435,-80.183,0.002,131.122,21.298,30.0,106.696,0.125,56,Green,
5448204,19.3,-266.35,-79.018,0.002,128.603,21.387,30.0,106.696,0.125,56,Green,
5448209,19.55,-267.227,-77.824,0.002,126.489,21.294,30.0,109.013,0.125,57,Green,
5448214,19.8,-268.056,-76.596,0.002,124.359,21.369,30.0,111.33,0.125,58,Green,
5448219,20.05,-268.827,-75.331,0.002,121.825,21.309,30.0,111.33,0.1875,58,Green,
5448224,20.3,-269.556,-74.042,0.002,119.693,21.369,30.0,113.647,0.1875,59,Green,
5448229,20.55,-270.233,-72.724,0.002,117.561,21.295,30.0,115.964,0.1875,60,Green,
5448234,20.8,-270.849,-71.377,0.002,115.012,21.384,30.0,115.964,0.1875,60,Green,
5448239,21.05,-271.42,-70.01,0.002,112.876,21.291,30.0,118.28,0.1875,61,Green,
5448244,21.3,-271.938,-68.622,0.002,110.881,21.396,30.0,120.597,0.1875,62,Green,
5448249,21.55,-272.398,-67.214,0.002,108.424,21.303,30.0,120.597,0.1875,62,Green,
5448254,21.8,-272.806,-65.79,0.002,106.227,21.375,30.0,122.914,0.1875,63,Green,
5448259,22.05,-273.166,-64.352,0.002,104.42,21.325,30.0,125.231,0.1875,64,Green,
5448264,22.3,-273.48,-62.903,0.002,102.531,21.401,30.0,125.231,0.1875,64,Green,
5448269,22.55,-273.758,-61.445,0.002,100.953,21.328,30.0,127.548,0.1875,65,Green,
5448274,22.8,-274.0,-59.981,0.002,99.683,21.421,30.0,129.865,0.1875,66,Green,
5448279,23.05,-274.211,-58.512,0.002,98.366,21.347,30.0,129.865,0.1875,66,Green,
5448284,23.3,-274.396,-57.038,0.002,97.266,21.427,30.0,132.182,0.1875,67,Green,
5448289,23.55,-274.557,-55.561,0.002,96.404,21.36,30.0,134.208,0.1875,68,Green,
5448294,23.8,-274.696,-54.082,0.002,95.507,21.44,30.0,134.208,0.1875,68,Green,
5448299,24.05,-274.809,-52.6,0.002,94.466,21.362,30.0,136.208,0.1875,70,Green,
5448304,24.3,-274.9,-51.116,0.002,93.667,21.444,30.0,138.208,0.1875,71,Green,
5448309,24.55,-274.979,-49.632,0.002,93.137,21.372,30.0,140.208,0.1875,72,Green,
5448314,24.8,-275.048,-48.146,0.002,92.717,21.452,30.0,140.208,0.1875,72,Green,
5448319,25.05,-275.109,-46.661,0.002,92.411,21.378,30.0,142.208,0.1875,73,Green,
5448324,25.3,-275.165,-45.174,0.002,92.183,21.457,30.0,144.208,0.1875,73,Green,
5448329,25.55,-275.218,-43.688,0.002,92.086,21.381,30.0,146.208,0.1875,74,Green,
5448334,25.8,-275.267,-42.201,0.002,91.891,21.459,30.0,146.208,0.1875,74,Green,
5448339,26.05,-275.309,-40.714,0.002,91.656,21.382,30.0,148.208,0.1875,76,Green,
5448344,26.3,-275.345,-39.227,0.002,91.401,21.46,30.0,150.208,0.1875,77,Green,
5448349,26.55,-275.376,-37.74,0.002,91.234,21.384,30.0,152.208,0.1875,77,Green,
5448354,26.8,-275.405,-36.252,0.002,91.163,21.461,30.0,152.208,0.1875,77,Green,
5448359,27.05,-275.433,-34.765,0.002,91.069,21.385,30.0,154.208,0.1875,79,Green,
5448364,27.3,-275.457,-33.277,0.002,90.953,21.462,30.0,156.208,0.1875,80,Green,
5448369,27.55,-275.479,-31.79,0.002,90.865,21.385,30.0,158.208,0.1875,80,Green,
5448374,27.8,-275.501,-30.302,0.002,90.825,21.462,30.0,158.208,0.1875,80,Green,
5448379,28.05,-275.521,-28.815,0.002,90.787,21.386,30.0,160.208,0.1875,81,Green,
5448384,28.3,-275.54,-27.327,0.002,90.744,21.463,30.0,162.208,0.1875,82,Green,
5448389,28.55,-275.558,-25.839,0.002,90.696,21.386,30.0,164.208,0.1875,83,Green,
5448394,28.8,-275.575,-24.351,0.002,90.649,21.463,30.0,164.208,0.1875,83,Green,
5448399,29.05,-275.591,-22.864,0.002,90.62,21.386,30.0,166.208,0.1875,85,Green,
5448404,29.3,-275.607,-21.376,0.002,90.605,21.463,30.0,168.208,0.1875,86,Green,
5448409,29.55,-275.623,-19.888,0.002,90.623,21.386,30.0,168.208,0.1875,86,Red,
5448414,29.8,-275.64,-18.401,0.002,90.661,21.463,30.0,170.208,0.25,87,Red,
5448419,30.05,-275.659,-16.913,0.002,90.71,21.386,30.0,172.208,0.25,88,Red,
5448424,30.3,-275.678,-15.425,0.002,90.753,21.463,30.0,174.208,0.25,89,Red,
5448429,30.55,-275.699,-13.938,0.002,90.797,21.386,30.0,174.208,0.25,89,Red,
5448434,30.8,-275.721,-12.45,0.002,90.835,21.463,30.0,176.196,0.25,90,Red,
5448439,31.05,-275.744,-10.962,0.002,90.87,21.386,30.0,178.175,0.25,91,Red,
5448444,31.3,-275.767,-9.475,0.002,90.897,21.463,30.0,180.154,0.25,92,Red,
5448449,31.55,-275.791,-7.987,0.002,90.921,21.386,30.0,180.154,0.25,92,Red,
5448454,31.8,-275.816,-6.499,0.002,90.931,21.463,30.0,182.146,0.25,92,Red,
5448459,32.05,-275.84,-5.012,0.002,90.931,21.386,30.0,184.146,0.25,93,Red,
5448464,32.3,-275.864,-3.524,0.002,90.922,21.463,30.0,186.146,0.25,94,Red,
5448469,32.55,-275.887,-2.037,0.002,90.89,21.386,30.0,186.146,0.25,94,Red,
5448474,32.8,-275.908,-0.549,0.002,90.838,21.463,30.0,188.146,0.25,95,Red,
5448479,33.05,-275.928,0.939,0.002,90.777,21.386,30.0,190.146,0.25,96,Red,
5448484,33.3,-275.946,2.427,0.002,90.693,21.463,30.0,192.157,0.25,97,Red,
5448489,33.55,-275.961,3.914,0.002,90.588,21.386,30.0,192.157,0.25,97,Red,
5448494,33.8,-275.973,5.402,0.002,90.477,21.463,30.0,194.178,0.25,98,Red,
5448499,34.05,-275.982,6.89,0.002,90.37,21.386,30.0,196.199,0.25,99,Red,
5448504,34.3,-275.988,8.378,0.002,90.255,21.463,30.0,198.22,0.25,100,Red,
5448509,34.55,-275.991,9.865,0.002,90.13,21.386,30.0,198.22,0.25,100,Red,
5448514,34.8,-275.991,11.353,0.002,90.028,21.463,30.0,200.241,0.25,101,Red,
5448519,35.05,-275.989,12.841,0.002,89.933,21.386,30.0,202.262,0.25,102,Red,
5448524,35.3,-275.985,14.329,0.002,89.854,21.463,30.0,204.283,0.25,103,Red,
5448529,35.55,-275.979,15.817,0.002,89.782,21.386,30.0,204.283,0.25,103,Red,
5448534,35.8,-275.972,17.304,0.002,89.727,21.463,30.0,206.3,0.25,104,Red,
5448539,36.05,-275.963,18.792,0.002,89.683,21.386,30.0,208.3,0.25,105,Red,
5448544,36.3,-275.954,20.28,0.002,89.64,21.463,30.0,210.3,0.25,106,Red,
5448549,36.55,-275.943,21.768,0.002,89.602,21.386,30.0,210.3,0.25,106,Red,
5448554,36.8,-275.932,23.256,0.002,89.567,21.463,30.0,212.3,0.25,108,Red,
5448559,37.05,-275.92,24.743,0.002,89.538,21.386,30.0,214.3,0.25,108,Green,
5448564,37.3,-275.907,26.231,0.002,89.525,21.463,30.0,214.3,0.25,108,Green,
5448569,37.55,-275.895,27.719,0.002,89.512,21.386,30.0,216.3,0.25,109,Green,
5448574,37.8,-275.882,29.207,0.002,89.498,21.463,30.0,218.3,0.25,110,Green,
5448579,38.05,-275.868,30.694,0.002,89.486,21.386,30.0,220.3,0.25,112,Green,
5448584,38.3,-275.854,32.182,0.002,89.471,21.463,30.0,220.3,0.25,112,Green,
5448589,38.55,-275.84,33.67,0.002,89.464,21.386,30.0,222.3,0.25,112,Green,
5448594,38.8,-275.826,35.158,0.002,89.459,21.463,30.0,224.3,0.25,113,Green,
5448599,39.05,-275.812,36.645,0.002,89.454,21.386,30.0,226.3,0.25,114,Green,
5448604,39.3,-275.798,38.133,0.002,89.448,21.463,30.0,226.3,0.25,114,Green,
5448609,39.55,-275.783,39.621,0.002,89.443,21.386,30.0,228.3,0.3125,115,Green,
5448614,39.8,-275.768,41.109,0.002,89.44,21.463,30.0,230.3,0.3125,116,Green,
5448619,40.05,-275.754,42.596,0.002,89.436,21.386,30.0,232.3,0.3125,117,Green,
5448624,40.3,-275.739,44.084,0.002,89.433,21.463,30.0,232.3,0.3125,117,Green,
5448629,40.55,-275.724,45.572,0.002,89.43,21.386,30.0,234.3,0.3125,118,Green,
5448634,40.8,-275.71,47.06,0.002,89.427,21.463,30.0,236.3,0.3125,119,Green,
5448639,41.05,-275.694,48.547,0.002,89.426,21.386,30.0,238.3,0.3125,120,Green,
5448644,41.3,-275.679,50.035,0.002,89.425,21.463,30.0,238.3,0.3125,120,Green,
5448649,41.55,-275.664,51.523,0.002,89.424,21.386,30.0,240.3,0.3125,121,Green,
5448654,41.8,-275.649,53.011,0.002,89.424,21.463,30.0,242.3,0.3125,123,Green,
5448659,42.05,-275.634,54.499,0.002,89.423,21.386,30.0,244.3,0.3125,123,Green,
5448664,42.3,-275.619,55.986,0.002,89.423,21.463,30.0,244.3,0.3125,123,Green,
5448669,42.55,-275.604,57.474,0.002,89.423,21.386,30.0,246.3,0.3125,125,Green,
5448674,42.8,-275.588,58.962,0.002,89.423,21.463,30.0,248.3,0.3125,125,Green,
5448679,43.05,-275.573,60.45,0.002,89.423,21.386,30.0,250.3,0.3125,126,Green,
5448684,43.3,-275.552,61.937,0.002,89.207,21.462,30.0,250.3,0.3125,126,Green,
5448689,43.55,-275.516,63.424,0.002,88.57,21.374,30.0,252.3,0.3125,127,Green,
5448694,43.8,-275.443,64.909,0.002,87.292,21.427,30.0,254.3,0.3125,128,Green,
5448699,44.05,-275.319,66.389,0.002,85.561,21.36,30.0,256.3,0.3125,129,Green,
5448704,44.3,-275.134,67.861,0.002,83.13,21.408,30.0,256.3,0.3125,129,Green,
5448709,44.55,-274.91,69.328,0.002,81.656,21.349,30.0,258.3,0.3125,129,Green,
5448714,44.8,-274.672,70.794,0.002,80.853,21.396,30.0,260.745,0.3125,130,Green,
5448719,45.05,-274.358,72.242,0.002,78.181,21.31,30.0,260.745,0.3125,130,Green,
5448724,45.3,-273.995,73.678,0.002,76.033,21.326,30.0,263.361,0.3125,131,Green,
5448729,45.55,-273.544,75.086,0.002,72.826,21.281,30.0,263.361,0.3125,131,Green,
5448734,45.8,-273.016,76.464,0.002,69.353,21.293,30.0,265.976,0.3125,132,Green,
5448739,46.05,-272.41,77.811,0.002,66.332,21.222,30.0,268.592,0.3125,133,Green,
5448744,46.3,-271.708,79.106,0.002,62.224,21.294,30.0,268.592,0.3125,133,Green,
5448749,46.55,-270.947,80.37,0.002,59.29,21.169,30.0,271.207,0.3125,134,Green,
5448754,46.8,-270.095,81.571,0.002,55.416,21.294,30.0,271.207,0.3125,134,Green,
5448759,47.05,-269.171,82.716,0.002,51.487,21.158,30.0,273.822,0.3125,135,Green,
5448764,47.3,-268.176,83.802,0.002,48.135,21.251,30.0,276.438,0.3125,136,Green,
5448769,47.55,-267.11,84.818,0.002,44.299,21.21,30.0,276.438,0.3125,136,Green,
5448774,47.8,-265.989,85.772,0.002,40.656,21.17,30.0,279.053,0.3125,138,Green,
5448779,48.05,-264.793,86.624,0.002,36.356,21.18,30.0,279.053,0.3125,138,Green,
5448784,48.3,-263.554,87.42,0.002,33.161,21.277,30.0,281.669,0.3125,139,Green,
5448789,48.55,-262.282,88.17,0.002,30.949,21.231,30.0,284.233,0.3125,140,Green,
5448794,48.8,-260.978,88.865,0.002,28.51,21.339,30.0,284.233,0.3125,140,Green,
5448799,49.05,-259.653,89.521,0.002,26.527,21.264,30.0,286.447,0.3125,141,Green,
5448804,49.3,-258.303,90.129,0.002,24.597,21.352,30.0,288.661,0.3125,142,Green,
5448809,49.55,-256.931,90.683,0.002,22.394,21.298,30.0,288.661,0.3125,142,Green,
5448814,49.8,-255.54,91.191,0.002,20.307,21.374,30.0,290.874,0.3125,143,Green,
5448819,50.05,-254.132,91.655,0.002,18.456,21.299,30.0,293.088,0.3125,144,Green,
5448824,50.3,-252.709,92.069,0.002,16.594,21.399,30.0,293.088,0.3125,144,Green,
5448829,50.55,-251.275,92.442,0.002,14.789,21.318,30.0,295.302,0.375,145,Green,
5448834,50.8,-249.829,92.774,0.002,13.124,21.394,30.0,297.516,0.375,146,Green,
5448839,51.05,-248.373,93.06,0.002,11.451,21.336,30.0,299.73,0.375,147,Green,
5448844,51.3,-246.91,93.306,0.002,9.803,21.415,30.0,299.73,0.375,147,Green,
5448849,51.55,-245.442,93.525,0.002,8.648,21.342,30.0,301.943,0.375,148,Green,
5448854,51.8,-243.968,93.714,0.002,7.524,21.431,30.0,304.157,0.375,149,Green,
5448859,52.05,-242.492,93.875,0.002,6.41,21.357,30.0,304.157,0.375,149,Green,
5448864,52.3,-241.013,94.015,0.002,5.511,21.437,30.0,306.371,0.375,150,Green,
5448869,52.55,-239.531,94.137,0.002,4.819,21.367,30.0,308.471,0.375,151,Green,
5448874,52.8,-238.048,94.24,0.002,4.105,21.447,30.0,308.471,0.375,151,Green,
5448879,53.05,-236.564,94.328,0.002,3.456,21.372,30.0,310.471,0.375,152,Green,
5448884,53.3,-235.079,94.403,0.002,2.961,21.452,30.0,312.471,0.375,153,Green,
5448889,53.55,-233.594,94.466,0.002,2.532,21.378,30.0,314.471,0.375,154,Green,
5448894,53.8,-232.107,94.52,0.002,2.131,21.456,30.0,314.471,0.375,154,Green,
5448899,54.05,-230.621,94.566,0.002,1.823,21.38,30.0,316.471,0.375,155,Green,
5448904,54.3,-229.133,94.605,0.002,1.543,21.459,30.0,318.471,0.375,156,Green,
5448909,54.55,-227.647,94.638,0.002,1.313,21.383,30.0,320.471,0.375,157,Green,
5448914,54.8,-226.159,94.666,0.002,1.106,21.46,30.0,320.471,0.375,157,Green,
5448919,55.05,-224.672,94.69,0.002,0.95,21.384,30.0,322.471,0.375,158,Green,
5448924,55.3,-223.184,94.711,0.002,0.816,21.461,30.0,324.471,0.375,160,Green,
5448929,55.55,-221.696,94.727,0.002,0.647,21.385,30.0,326.471,0.375,161,Green,
5448934,55.8,-220.209,94.74,0.002,0.53,21.462,30.0,326.471,0.375,161,Green,
5448939,56.05,-218.721,94.751,0.002,0.457,21.385,30.0,328.471,0.375,162,Green,
5448944,56.3,-217.234,94.762,0.002,0.404,21.462,30.0,330.471,0.375,163,Green,
5448949,56.55,-215.746,94.771,0.002,0.357,21.386,30.0,332.471,0.375,164,Green,
5448954,56.8,-214.259,94.779,0.002,0.315,21.463,30.0,332.471,0.375,164,Green,
5448959,57.05,-212.771,94.786,0.002,0.293,21.386,30.0,334.471,0.375,164,Green,
5448964,57.3,-211.283,94.793,0.002,0.279,21.463,30.0,336.471,0.375,166,Green,
5448969,57.55,-209.796,94.799,0.002,0.239,21.386,30.0,336.471,0.375,166,Green,
5448974,57.8,-208.308,94.805,0.002,0.21,21.463,30.0,338.471,0.375,167,Red,
5448979,58.05,-206.82,94.81,0.002,0.188,21.386,30.0,340.471,0.375,168,Red,
5448984,58.3,-205.332,94.814,0.002,0.171,21.463,30.0,342.471,0.375,169,Red,
5448989,58.55,-203.844,94.818,0.002,0.157,21.386,30.0,342.471,0.375,169,Red,
5448994,58.8,-202.356,94.822,0.002,0.145,21.463,30.0,344.471,0.375,170,Red,
5448999,59.05,-200.869,94.825,0.011,0.137,21.25,30.0,346.471,0.375,170,Red,
5449004,59.3,-199.37,94.829,0.025,-0.036,21.628,30.0,348.471,0.375,171,Red,
5449009,59.55,-197.854,94.832,0.037,-0.182,22.02,30.0,348.471,0.375,171,Red,
5449014,59.8,-196.337,94.833,0.053,-0.249,21.761,30.0,350.471,0.375,172,Red,
